id,subject,body,expected_department,expected_urgency,expected_policy
1,Charged twice,"I was charged twice for order #1234 this month. Please refund the duplicate charge.",billing,1,no
2,Where is my package?,"My order was supposed to arrive last Friday and tracking hasn't updated in 5 days. Can you check?",shipping,1,no
3,Checkout broken!!!,"Your app crashes every time I open the checkout page. We are losing sales every minute this is down!",technical,2,no
4,Final warning,"If you don't refund me today I'm contacting my lawyer and reporting your company for fraud.",billing,2,yes
5,Can't log in,"I forgot my password and the reset email never arrives. I've checked spam too.",account,1,no
6,Invoice copy,"Hi, could you send me a PDF copy of my invoice for August? Thanks!",billing,0,no
7,Opening hours,"What are your customer service hours on weekends?",general,0,no
8,Package arrived damaged,"The box was crushed and the glass vase inside is broken. I'd like a replacement.",shipping,1,no
9,You people are useless,"This is the third time I'm writing. You are all idiots and I hope your company burns down.",general,1,yes
10,Long story about my account,"Hello, I have been a customer for over six years and I want to explain the whole situation from the beginning because nobody seems to understand it. In 2019 I opened my account with my old work email address. Later I changed jobs and lost access to that email, so I asked support to change the email on my account, which they did in 2021. Since then everything was fine until last month, when I got a new phone and tried to sign in again. The app asked for a two-factor code that was sent to a phone number I no longer own. I contacted chat support and they told me to reset my password, which I did, but the two-factor prompt still goes to the old number. I then tried the web version on my laptop and it says my account is locked after too many attempts. I have also noticed that my profile picture and name were changed, which I did not do, and I am worried someone else may have access. My subscription renews next week and I cannot see or change my payment details. Please help me regain access to my account and update the phone number for two-factor authentication, and please check whether anybody else has logged in. I can provide my old invoices, the last four digits of my card and any other proof you need to confirm my identity.",account,2,no
