id,latency_ms,input_tokens,output_tokens,cost_usd,text
2,2101.0,101,136,0.00058575,"Hello! Thanks for reaching out to us. We would be happy to help you upgrade to a premium account. 

To get started, please log in to your store account and navigate to your account settings page. From there, select the option to upgrade to premium and choose your preferred billing cycle. Finally, enter your payment details to confirm the change. 

If you do not have an account yet, simply click the sign-up button on our homepage, create a standard account, and follow the upgrade steps above. 

Please let us know if you run into any issues during the process. We are always here to help!

Best regards,
The Support Team"
3,1600.0,103,157,0.000666,"Hi there,

Thanks for reaching out! You can easily reset your PIN code through your account settings. Here are the steps:

1. Log in to your account on our website.
2. Go to ""Account Settings"" or your profile page.
3. Select ""Security"" or ""Login Details.""
4. Look for the ""PIN"" section and click on ""Reset PIN"" or ""Forgot PIN.""
5. Follow the on-screen prompts to verify your identity and set up a new PIN.

If you are having trouble logging in, click the ""Forgot PIN?"" link directly on the sign-in screen to receive a verification link by email. 

Please let us know if you need more help!

Best regards,
The Support Team"
4,1521.9,103,146,0.00062475,"Hi there,

Thanks for reaching out! I'm sorry to hear you are having trouble signing up. 

To help resolve this, please try these quick troubleshooting steps:
1. Clear your browser's cache and cookies, or try using an incognito/private window.
2. Try signing up using a different browser or device.
3. Make sure all required fields are filled out and that your password meets the required criteria.

If you are still seeing an error, please reply with the exact error message or a screenshot of what happens, along with the email address you are trying to use. We will be happy to look into this further for you!

Best regards,  
The Support Team"
6,1875.1,111,140,0.00060825,"Hi there,

Thanks for reaching out! Upgrading to a premium account is quick and easy. Here are the steps to switch:

1. Log in to your account on our website.
2. Go to your ""Account Settings"" from the menu.
3. Select the ""Subscription"" or ""Membership"" tab.
4. Choose the ""Upgrade to Premium"" option.
5. Follow the on-screen prompts to confirm your selection and payment details.

Once confirmed, your premium benefits will be available immediately. If you run into any issues during the process, please let us know and we will be happy to assist you further!

Best regards,

The Support Team"
7,1995.1,103,151,0.0006435,"Hello,

I am sorry to hear you are having trouble resetting your account PIN, but I am happy to help you get this sorted out. 

Please try these steps to reset your PIN:
1. Log in to your account and go to the ""Account Settings"" page.
2. Select ""Security"" and click on ""Update PIN.""
3. Follow the on-screen prompts to verify your identity and enter your new PIN.

If you are locked out or seeing an error message, please try clearing your browser's cache or using an incognito window. 

If the issue continues, let us know what error you see, and we will look into it right away.

Best regards,  
The Support Team"
8,2120.0,106,128,0.0005595,"Hello! Yes, you can definitely report sign-up issues to us. We would be happy to help you get your account set up.

First, try clearing your browser's cache and cookies, or attempt to sign up using an incognito or private browsing window. Also, make sure all required fields are filled out correctly.

If you still experience issues, please reply directly to this message with a brief description of what happens, including any error messages you see or screenshots of the problem. Please also let us know what device and browser you are using.

We will investigate right away!

Best regards,
The Support Team"
9,3266.0,108,683,0.00264225,"Hello,

I understand you would like to close your platinum account, and I am happy to help you with that.

You can close your account by following these standard steps:
1. Log in to your account on our website.
2. Go to ""Account Settings"" and select the ""Membership"" or ""Subscriptions"" tab.
3. Click on ""Cancel Membership"" or ""Close Account"" and follow the prompts to confirm.

If you would prefer us to complete this for you, please reply with your [email address] and [full name] associated with the account, and we will gladly take care of it.

The Support Team"
10,1649.6,101,148,0.00063075,"Hi there,

Thanks for reaching out! We are happy to help you switch to a standard account. 

You can make this change by following these steps:
1. Log in to your account on our website.
2. Go to your Account Settings by clicking your profile icon.
3. Select the ""Subscription"" or ""Plan"" tab.
4. Click ""Change Plan"" and select the ""Standard"" option.
5. Confirm the changes.

If you run into any trouble or need us to update it for you, please reply to this message with your [email address] or [account number], and we will take care of it right away. 

Best regards,  
The Support Team"
12,2091.2,109,149,0.0006405,"Hello,

Thank you for reaching out! I would be happy to help you with your premium profile. 

To manage or switch your profile settings, please follow these steps:
1. Log in to your account on our website.
2. Go to 'Account Settings' from the main menu.
3. Select 'Subscription' or 'Profile Preferences'.
4. From there, you can choose your preferred profile type or update your plan options.
5. Save your changes.

If you are trying to cancel, downgrade, or experiencing a specific error, please reply with more details and your [email address/account ID] so we can look into this directly for you.

Best regards,  
The Support Team"
13,3293.1,101,130,0.00056325,"Hello,

Thanks for reaching out! We can certainly help you with your forgotten PIN. 

For your security, we do not have access to your PIN, but you can reset it by following these standard steps:

1. Go to our website and log in to your account.
2. Navigate to your Account Settings.
3. Select the ""Security"" tab and click on ""Reset PIN.""
4. Follow the on-screen prompts to verify your identity and create a new PIN.

If you are locked out of your account or need further assistance, please let us know! 

Best regards,
The Support Team"
14,1747.3,107,147,0.0006315,"Hi there! 

We would be happy to help you upgrade to a Pro account. 

To register, please follow these steps:
1. Log in to your existing account on our website. If you don't have one yet, click ""Sign Up"" on the homepage.
2. Go to your Account Settings or the ""Pro Membership"" page.
3. Select the Pro plan and follow the on-screen prompts to enter your billing details.
4. Confirm your registration to complete the upgrade.

Once finished, your Pro benefits will be active immediately. Please let us know if you run into any issues during the process and we will gladly assist you further.

Best regards,
The Support Team"
15,2420.0,103,142,0.00060975,"Hi there,

Thanks for reaching out! We are happy to help you get started with your free profile.

To access and use your account, please follow these steps:
1. Go to our website and click ""Log In"" at the top right corner.
2. Enter the email address and password associated with your account.
3. Once logged in, navigate to ""My Account"" to view your profile, manage your preferences, and explore all available free features.

If you are having trouble logging in or need help finding a specific feature, please reply to this message and let us know what you are seeing. We are always here to help!

Best regards,
The Support Team"
16,1725.4,108,138,0.0005985,"Hello,

I would be happy to help you with your account. To delete your business account, please follow these standard steps:

1. Log in to your account.
2. Go to your Account Settings.
3. Scroll down to the Account Management section.
4. Select the option to ""Close Account"" or ""Delete Account"" and confirm your choice.

Please note that closing your account is permanent and will remove your account history and any open requests. If you run into any issues or do not see this option, please reply to this message with your [account email or username], and we will assist you further.

Best regards,  
The Support Team"
17,1470.9,105,151,0.000645,"Hello! Thanks for reaching out. We would be happy to help you set up a standard account. 

Creating an account allows you to track your orders, save your shipping details for faster checkout, and view your purchase history. 

To create your account:
1. Visit our website and click on the ""Account"" or ""Sign In"" button at the top of the page.
2. Select ""Create Account"" or ""Register.""
3. Enter your name, email address, and a secure password.
4. Click ""Submit"" to complete the setup.

Once registered, you can log in right away. Please let us know if you have any questions or need further assistance!

Best regards,
The Support Team"
18,1402.4,100,138,0.0005925,"Hello! We would be happy to help you set up a new standard account for your wife. 

To create her account, please have her follow these simple steps:

1. Visit our website and click on the ""Sign In / Register"" button at the top right of the page.
2. Select ""Create Account.""
3. Enter her name, a valid email address, and a secure password.
4. Click ""Submit"" to complete the registration.

She will receive a confirmation email to verify the address, and then her account will be ready to use!

Please let us know if you need any further assistance.

Best regards,
The Support Team"
19,1892.6,110,134,0.000585,"Hello! Thanks for reaching out. We would be happy to help you with the signup errors. 

To help us look into this, please reply to this message with a few details:
1. The email address you are trying to use for your account.
2. The exact error message you are seeing, or a screenshot of the issue.
3. The device and internet browser you are using.

In the meantime, you can try clearing your browser's cache and cookies, or attempting the signup process in an incognito window, as this often resolves the issue.

We look forward to helping you get this sorted out!

The Support Team"
20,1475.7,100,133,0.00057375,"Hello! I would be happy to help you with that.

To set up a Gold account for your wife, she will need to create her own account using her email address. 

Here are the standard steps to get started:
1. Visit our website and click on ""Sign In"" or ""Register"".
2. Enter her details to create the new account.
3. Once logged in, go to the Account Settings menu.
4. Select the option to upgrade to a Gold account and follow the on-screen prompts to complete the process.

If you have any questions along the way, please let us know!

The Support Team"
21,1717.1,106,149,0.00063825,"Hello,

Thank you for reaching out to us! You are in the right place to report your sign-up issue. 

To help us resolve this for you, please reply directly to this message with a few more details:

1. The email address you are trying to use to register.
2. The specific error message you are seeing, or a screenshot of the issue.
3. The device and web browser you are using.

In the meantime, you can often resolve registration errors by clearing your browser's cache and cookies or trying a different browser. 

Once we have your details, we will gladly look into this and help you get your account set up.

Best regards,  
The Support Team"
22,8474.8,110,147,0.00063375,"Hi there,

Thanks for reaching out! You can cancel your premium membership anytime by following these standard steps:

1. Log in to your account on our website.
2. Go to your Account Settings or profile menu.
3. Select the ""Memberships"" or ""Subscriptions"" tab.
4. Click on your premium plan and choose ""Cancel Subscription.""
5. Follow the on-screen prompts to confirm the cancellation.

Once completed, you should see a confirmation message on the screen. You will also receive a confirmation email shortly after. 

If you run into any trouble or cannot locate the option, please let us know so we can assist you further!

Best regards,  
The Support Team"
23,4522.3,103,148,0.00063225,"Hello! We would be happy to help you regain access to your account. 

To reset your password, please follow these steps:
1. Go to our website's login page and click on the ""Forgot Password?"" link.
2. Enter the email address associated with your account and select ""Submit.""
3. Check your inbox for a password reset email. If you don't see it within a few minutes, please check your spam or junk folder.
4. Click the link provided in that email to create a new password.

If you don't receive the email or run into any trouble, please let us know and we'll gladly assist you further.

Best regards,
The Support Team"
