id,department,department_prob,urgency_level,urgency_score,policy_violation_prob,human_needed_prob,standard_reply_prob,policy_violation,human_needed,standard_reply,queue,needs_review,should_draft,latency_ms,input_tokens,output_tokens,cost_usd,truncated,error
1,account,0.9672,2,1.5306,0.7947,0.0668,0.0291,True,False,False,escalation,True,False,1965.8,328,0,0.0,False,
2,account,0.6798,2,1.5042,0.205,0.1882,0.2351,False,False,False,account,True,False,1736.9,288,0,0.0,False,
3,account,0.8426,1,1.2433,0.0968,0.0251,0.0592,False,False,False,account,False,False,1807.2,298,0,0.0,False,
4,account,0.9042,1,1.4486,0.0805,0.1531,0.261,False,False,False,account,False,False,2051.3,303,0,0.0,False,
5,account,0.3912,1,1.3111,0.3787,0.087,0.1811,False,False,False,general_triage,True,False,1807.0,293,0,0.0,False,
6,account,0.6946,1,1.2809,0.1217,0.1047,0.09,False,False,False,account,True,False,1911.7,333,0,0.0,False,
7,account,0.9409,2,1.5498,0.788,0.03,0.0018,True,False,False,escalation,True,False,1834.2,298,0,0.0,False,
8,technical,0.3945,1,1.3251,0.1754,0.1017,0.1709,False,False,False,general_triage,True,False,1889.4,313,0,0.0,False,
9,billing,0.4471,1,1.4291,0.4994,0.1238,0.0992,False,False,False,general_triage,True,False,1924.6,323,0,0.0,False,
10,account,0.7179,1,1.3588,0.1004,0.1391,0.6207,False,False,True,account,True,True,1813.0,288,0,0.0,False,
11,account,0.5329,1,1.4069,0.095,0.1659,0.0535,False,False,False,account,True,False,1833.4,298,0,0.0,False,
12,account,0.9259,1,1.3998,0.6693,0.1927,0.0968,True,False,False,escalation,True,False,1939.2,328,0,0.0,False,
13,account,0.9187,1,1.2936,0.159,0.091,0.1637,False,False,False,account,False,False,1709.6,288,0,0.0,False,
14,account,0.7858,1,1.417,0.096,0.205,0.0835,False,False,False,account,True,False,1957.3,318,0,0.0,False,
15,account,0.9278,1,1.2533,0.32,0.2635,0.2652,False,False,False,account,False,False,1852.1,298,0,0.0,False,
16,account,0.7388,2,1.4878,0.5267,0.0615,0.0364,True,False,False,escalation,True,False,1912.0,323,0,0.0,False,
17,account,0.8644,1,1.2402,0.0022,0.0339,0.2845,False,False,False,account,False,False,1838.1,308,0,0.0,False,
18,billing,0.324,1,1.1873,0.26,0.1065,0.4653,False,False,False,general_triage,True,False,1690.4,283,0,0.0,False,
19,account,0.8253,1,1.4504,0.0217,0.1473,0.03,False,False,False,account,False,False,1937.3,338,0,0.0,False,
20,account,0.422,1,1.4378,0.2239,0.0935,0.1127,False,False,False,general_triage,True,False,1783.3,283,0,0.0,False,
21,account,0.8655,1,1.4576,0.0985,0.1834,0.2748,False,False,False,account,False,False,1803.1,313,0,0.0,False,
22,account,0.7467,1,1.224,0.2003,0.1083,0.0965,False,False,False,account,True,False,1893.8,328,0,0.0,False,
23,account,0.98,1,1.3975,0.2079,0.1147,0.1429,False,False,False,account,False,False,1969.6,298,0,0.0,False,
24,account,0.3549,1,1.316,0.0932,0.4271,0.2699,False,False,False,general_triage,True,False,1692.5,288,0,0.0,False,
25,account,0.8747,1,1.4224,0.3348,0.2391,0.2459,False,False,False,account,False,False,1937.0,303,0,0.0,False,
26,account,0.6453,1,1.1794,0.0157,0.0029,0.214,False,False,False,account,True,False,1789.4,303,0,0.0,False,
27,account,0.6265,2,1.5528,0.1699,0.1621,0.569,False,False,True,account,True,True,1783.5,293,0,0.0,False,
28,account,0.2974,1,1.3073,0.4525,0.1833,0.3731,False,False,False,general_triage,True,False,1813.8,288,0,0.0,False,
29,account,0.5191,1,1.4365,0.0448,0.101,0.1956,False,False,False,account,True,False,1754.6,298,0,0.0,False,
30,account,0.9201,1,1.3557,0.1377,0.0655,0.0292,False,False,False,account,False,False,1778.4,293,0,0.0,False,
31,account,0.3812,1,1.3858,0.2579,0.1653,0.2321,False,False,False,general_triage,True,False,1835.9,288,0,0.0,False,
32,account,0.5029,1,1.3631,0.2139,0.0741,0.0474,False,False,False,account,True,False,1947.8,323,0,0.0,False,
33,account,0.4123,1,1.214,0.1436,0.1053,0.2234,False,False,False,general_triage,True,False,1770.3,283,0,0.0,False,
34,account,0.8676,1,1.3957,0.4631,0.2444,0.1687,False,False,False,account,False,False,1750.0,298,0,0.0,False,
35,account,0.9241,1,1.3655,0.283,0.1352,0.2033,False,False,False,account,False,False,1845.3,293,0,0.0,False,
36,account,0.992,1,1.3122,0.3663,0.1275,0.3044,False,False,False,account,False,False,1720.1,283,0,0.0,False,
37,account,0.635,1,1.2852,0.1332,0.102,0.0777,False,False,False,account,True,False,1939.3,323,0,0.0,False,
38,account,0.8005,1,1.3858,0.0737,0.1412,0.15,False,False,False,account,False,False,1996.4,308,0,0.0,False,
39,account,0.9906,2,1.5091,0.453,0.0446,0.0004,False,False,False,account,False,False,2017.0,328,0,0.0,False,
40,account,0.8419,1,1.4643,0.1843,0.0485,0.1074,False,False,False,account,False,False,1899.3,308,0,0.0,False,
41,account,0.9644,1,1.445,0.027,0.1952,0.2703,False,False,False,account,False,False,1944.5,308,0,0.0,False,
42,account,0.415,1,1.2845,0.0357,0.1172,0.1676,False,False,False,general_triage,True,False,1838.1,293,0,0.0,False,
43,account,0.9674,2,1.5721,0.6855,0.1479,0.1783,True,False,False,escalation,True,False,1882.7,308,0,0.0,False,
44,account,0.9011,1,1.3782,0.0259,0.0747,0.8358,False,False,True,account,False,True,2178.7,293,0,0.0,False,
45,account,0.9728,1,1.4687,0.0865,0.2012,0.1702,False,False,False,account,False,False,1903.4,308,0,0.0,False,
46,account,0.9616,1,1.3325,0.1578,0.0315,0.0763,False,False,False,account,False,False,1903.4,308,0,0.0,False,
47,account,0.944,1,1.3739,0.0294,0.0713,0.1788,False,False,False,account,False,False,2152.7,293,0,0.0,False,
48,account,0.5496,2,1.6414,0.3195,0.1147,0.0866,False,False,False,account,True,False,1905.7,308,0,0.0,False,
49,account,0.8879,1,1.4321,0.0808,0.1927,0.2055,False,False,False,account,False,False,2012.6,333,0,0.0,False,
50,account,0.2807,1,1.2173,0.1003,0.0931,0.057,False,False,False,general_triage,True,False,2013.8,328,0,0.0,False,
51,account,0.7361,2,1.597,0.2331,0.1549,0.1238,False,False,False,account,True,False,1938.8,328,0,0.0,False,
52,account,0.5486,2,1.5639,0.6018,0.3029,0.5961,True,False,True,escalation,True,False,1900.5,298,0,0.0,False,
53,account,0.8471,1,1.2605,0.1215,0.3402,0.7506,False,False,True,account,False,True,1935.9,283,0,0.0,False,
54,account,0.2875,1,1.3058,0.1425,0.2136,0.2375,False,False,False,general_triage,True,False,1845.1,283,0,0.0,False,
55,account,0.9125,1,1.4488,0.087,0.1457,0.8449,False,False,True,account,False,True,1985.5,313,0,0.0,False,
56,account,0.9485,1,1.4614,0.1842,0.4007,0.3275,False,False,False,account,False,False,1904.4,308,0,0.0,False,
57,account,0.8332,2,1.5643,0.6369,0.3108,0.7268,True,False,True,escalation,True,False,2063.1,328,0,0.0,False,
58,account,0.5684,1,1.3712,0.6162,0.1844,0.2661,True,False,False,escalation,True,False,1854.8,288,0,0.0,False,
59,account,0.7371,1,1.2334,0.0951,0.0635,0.1462,False,False,False,account,True,False,2002.8,318,0,0.0,False,
60,account,0.9734,1,1.4468,0.0449,0.1803,0.2306,False,False,False,account,False,False,1912.3,298,0,0.0,False,
61,technical,0.4253,1,1.3755,0.269,0.1336,0.1376,False,False,False,general_triage,True,False,1899.3,308,0,0.0,False,
62,billing,0.4309,1,1.3448,0.0975,0.1605,0.3084,False,False,False,general_triage,True,False,2095.3,293,0,0.0,False,
63,billing,0.5128,1,1.1103,0.0843,0.069,0.1319,False,False,False,billing,True,False,1923.5,308,0,0.0,False,
64,billing,0.497,1,1.4129,0.4051,0.1501,0.4739,False,False,False,general_triage,True,False,1895.1,293,0,0.0,False,
65,billing,0.3982,1,1.2096,0.1103,0.19,0.1278,False,False,False,general_triage,True,False,1847.4,293,0,0.0,False,
66,billing,0.9772,1,0.9005,0.106,0.0647,0.142,False,False,False,billing,False,False,1853.3,278,0,0.0,False,
67,billing,0.7094,1,1.317,0.0674,0.1644,0.1114,False,False,False,billing,True,False,1950.0,313,0,0.0,False,
68,billing,0.9844,1,1.2824,0.1115,0.1675,0.2396,False,False,False,billing,False,False,2116.8,343,0,0.0,False,
69,billing,0.7264,1,1.3562,0.139,0.1535,0.3625,False,False,False,billing,True,False,2089.8,328,0,0.0,False,
70,billing,0.7564,1,1.2024,0.0937,0.1214,0.1725,False,False,False,billing,True,False,2498.5,303,0,0.0,False,
71,billing,0.7062,1,0.7474,0.0993,0.0999,0.2558,False,False,False,billing,True,False,2282.8,323,0,0.0,False,
72,billing,0.9912,1,1.2692,0.1317,0.1503,0.198,False,False,False,billing,False,False,2448.2,343,0,0.0,False,
73,billing,0.3882,1,1.3352,0.2254,0.1303,0.1521,False,False,False,general_triage,True,False,2312.5,273,0,0.0,False,
74,billing,0.9912,1,1.2249,0.069,0.0799,0.029,False,False,False,billing,False,False,1918.3,298,0,0.0,False,
75,billing,0.828,1,1.185,0.0559,0.0829,0.0176,False,False,False,billing,False,False,1839.2,328,0,0.0,False,
76,billing,0.571,1,1.3467,0.0834,0.1081,0.0387,False,False,False,billing,True,False,1807.5,308,0,0.0,False,
77,billing,0.9414,1,1.4314,0.111,0.1335,0.2853,False,False,False,billing,False,False,1868.1,303,0,0.0,False,
78,billing,0.776,1,1.1543,0.0078,0.1255,0.0756,False,False,False,billing,True,False,1774.9,298,0,0.0,False,
79,technical,0.3631,1,1.3115,0.1074,0.1711,0.3677,False,False,False,general_triage,True,False,1856.6,303,0,0.0,False,
80,billing,0.9814,1,1.109,0.0788,0.0812,0.051,False,False,False,billing,False,False,1898.4,313,0,0.0,False,
81,billing,0.8119,1,1.1987,0.0526,0.1017,0.1293,False,False,False,billing,False,False,1914.8,328,0,0.0,False,
82,billing,0.9767,1,1.2259,0.1141,0.054,0.097,False,False,False,billing,False,False,1863.8,313,0,0.0,False,
83,billing,0.5482,1,1.1528,0.0919,0.1037,0.1095,False,False,False,billing,True,False,1711.7,278,0,0.0,False,
84,billing,0.5135,1,1.341,0.1439,0.1189,0.1357,False,False,False,billing,True,False,1684.0,278,0,0.0,False,
85,billing,0.7894,1,1.366,0.0395,0.1634,0.179,False,False,False,billing,True,False,1820.9,298,0,0.0,False,
86,billing,0.6955,1,1.3568,0.1299,0.1229,0.3796,False,False,False,billing,True,False,1964.5,308,0,0.0,False,
87,billing,0.6749,1,1.3762,0.1205,0.166,0.1729,False,False,False,billing,True,False,1762.9,288,0,0.0,False,
88,billing,0.4611,1,1.3221,0.0926,0.1692,0.6537,False,False,True,general_triage,True,False,1815.4,293,0,0.0,False,
89,general,0.2949,1,1.213,0.4974,0.1442,0.2693,False,False,False,general_triage,True,False,1756.5,293,0,0.0,False,
90,billing,0.7341,1,1.2304,0.2189,0.1606,0.1334,False,False,False,billing,True,False,1842.3,298,0,0.0,False,
91,billing,0.3659,1,1.1079,0.2059,0.1039,0.132,False,False,False,general_triage,True,False,1884.6,318,0,0.0,False,
92,shipping,0.3217,1,1.2789,0.0789,0.1169,0.0009,False,False,False,general_triage,True,False,1828.2,318,0,0.0,False,
93,billing,0.9867,1,1.1414,0.0887,0.0807,0.1156,False,False,False,billing,False,False,1788.2,278,0,0.0,False,
94,billing,0.4812,1,1.2401,0.14,0.1992,0.182,False,False,False,general_triage,True,False,1909.0,323,0,0.0,False,
95,billing,0.5334,1,1.0402,0.0272,0.058,0.0602,False,False,False,billing,True,False,1893.9,338,0,0.0,False,
96,general,0.2477,1,1.4107,0.2674,0.2154,0.1444,False,False,False,general_triage,True,False,1939.8,333,0,0.0,False,
97,billing,0.5994,1,1.2404,0.2387,0.1121,0.7223,False,False,True,billing,True,True,1735.7,288,0,0.0,False,
98,billing,0.881,1,1.2457,0.0998,0.0003,0.0021,False,False,False,billing,False,False,1963.5,343,0,0.0,False,
99,billing,0.2734,1,1.332,0.2154,0.1204,0.2621,False,False,False,general_triage,True,False,1834.7,288,0,0.0,False,
100,billing,0.5207,1,1.1013,0.0897,0.0937,0.0002,False,False,False,billing,True,False,1828.8,308,0,0.0,False,
101,billing,0.7606,1,1.3451,0.1275,0.1548,0.2045,False,False,False,billing,True,False,1819.5,293,0,0.0,False,
102,billing,0.9934,1,1.2288,0.105,0.0996,0.2066,False,False,False,billing,False,False,1761.6,293,0,0.0,False,
103,billing,0.4872,1,1.2413,0.1377,0.1115,0.0873,False,False,False,general_triage,True,False,1958.7,333,0,0.0,False,
104,billing,0.5859,1,1.4102,0.2265,0.1706,0.2503,False,False,False,billing,True,False,1902.0,313,0,0.0,False,
105,billing,0.6672,1,1.3945,0.0465,0.0922,0.0627,False,False,False,billing,True,False,1888.5,288,0,0.0,False,
106,billing,0.8636,1,1.2996,0.0745,0.1127,0.2517,False,False,False,billing,False,False,1787.5,273,0,0.0,False,
107,billing,0.7734,1,1.4246,0.034,0.1583,0.2766,False,False,False,billing,True,False,1974.0,308,0,0.0,False,
108,billing,0.9305,1,1.111,0.0258,0.1048,0.0126,False,False,False,billing,False,False,1993.4,308,0,0.0,False,
109,billing,0.883,1,1.1584,0.1076,0.1016,0.1288,False,False,False,billing,False,False,2534.5,293,0,0.0,False,
110,billing,0.9354,1,1.1668,0.0922,0.0187,0.0531,False,False,False,billing,False,False,2874.8,328,0,0.0,False,
111,billing,0.9176,1,1.2139,0.0994,0.0551,0.0859,False,False,False,billing,False,False,2519.0,313,0,0.0,False,
112,billing,0.7766,1,1.3685,0.0628,0.1452,0.2021,False,False,False,billing,True,False,2400.6,323,0,0.0,False,
113,billing,0.4573,1,1.2995,0.1197,0.1559,0.2973,False,False,False,general_triage,True,False,2261.8,293,0,0.0,False,
114,billing,0.9891,1,1.2325,0.0774,0.1015,0.0348,False,False,False,billing,False,False,2263.8,283,0,0.0,False,
115,billing,0.7349,1,1.2956,0.0388,0.1475,0.1918,False,False,False,billing,True,False,2376.9,298,0,0.0,False,
116,billing,0.7421,1,1.3005,0.038,0.1221,0.0458,False,False,False,billing,True,False,2391.6,328,0,0.0,False,
117,billing,0.7087,1,1.4146,0.0308,0.1931,0.0689,False,False,False,billing,True,False,2315.1,313,0,0.0,False,
118,billing,0.7272,1,1.2775,0.0608,0.1135,0.0327,False,False,False,billing,True,False,2295.5,318,0,0.0,False,
119,billing,0.6033,1,1.2006,0.0967,0.1885,0.1074,False,False,False,billing,True,False,2263.4,303,0,0.0,False,
120,billing,0.6816,1,1.4355,0.1402,0.1295,0.1547,False,False,False,billing,True,False,2310.8,303,0,0.0,False,
121,shipping,0.2685,1,1.3692,0.1881,0.4438,0.1963,False,False,False,general_triage,True,False,2444.5,313,0,0.0,False,
122,billing,0.3238,1,1.3827,0.0404,0.1647,0.5568,False,False,True,general_triage,True,False,2249.4,293,0,0.0,False,
123,billing,0.2766,2,1.3923,0.2242,0.1212,0.4292,False,False,False,general_triage,True,False,2205.3,298,0,0.0,False,
124,billing,0.3575,1,1.1279,0.1162,0.1039,0.0583,False,False,False,general_triage,True,False,2281.4,303,0,0.0,False,
125,general,0.2503,1,1.3336,0.0653,0.1541,0.003,False,False,False,general_triage,True,False,2388.7,323,0,0.0,False,
126,general,0.3652,1,1.2609,0.0831,0.1478,0.1918,False,False,False,general_triage,True,False,2366.7,303,0,0.0,False,
127,general,0.4932,1,1.3156,0.1021,0.1459,0.0426,False,False,False,general_triage,True,False,2478.1,343,0,0.0,False,
128,general,0.3099,1,1.1038,0.0359,0.3189,0.2972,False,False,False,general_triage,True,False,2450.6,338,0,0.0,False,
129,technical,0.3166,1,1.4024,0.2038,0.162,0.0008,False,False,False,general_triage,True,False,2256.5,313,0,0.0,False,
130,general,0.316,1,1.3394,0.0422,0.2229,0.2911,False,False,False,general_triage,True,False,2386.0,298,0,0.0,False,
131,billing,0.3838,1,1.0919,0.1025,0.0463,0.0817,False,False,False,general_triage,True,False,2343.7,308,0,0.0,False,
132,general,0.3769,1,1.3315,0.0983,0.1907,0.1838,False,False,False,general_triage,True,False,2246.3,298,0,0.0,False,
133,technical,0.2829,1,1.3524,0.0906,0.083,0.0839,False,False,False,general_triage,True,False,2195.2,293,0,0.0,False,
134,billing,0.4509,1,1.3963,0.1562,0.114,0.1535,False,False,False,general_triage,True,False,2215.9,278,0,0.0,False,
135,general,0.3436,1,1.3088,0.0695,0.3057,0.7174,False,False,True,general_triage,True,False,2213.0,298,0,0.0,False,
136,general,0.286,1,1.3266,0.1933,0.742,0.4583,False,True,False,general_triage,True,False,2460.1,328,0,0.0,False,
137,billing,0.2615,1,1.4594,0.1562,0.2612,0.5178,False,False,True,general_triage,True,False,2431.6,318,0,0.0,False,
138,general,0.3294,1,1.2723,0.0809,0.1545,0.0926,False,False,False,general_triage,True,False,2374.1,328,0,0.0,False,
139,general,0.3116,1,1.3832,0.0677,0.2933,0.3153,False,False,False,general_triage,True,False,2744.0,318,0,0.0,False,
140,shipping,0.2675,1,1.3825,0.0719,0.1494,0.605,False,False,True,general_triage,True,False,2350.4,288,0,0.0,False,
141,account,0.2785,1,1.3862,0.0285,0.1646,0.1776,False,False,False,general_triage,True,False,2398.3,308,0,0.0,False,
142,shipping,0.2563,1,1.3883,0.1119,0.1606,0.1003,False,False,False,general_triage,True,False,2306.4,303,0,0.0,False,
143,general,0.419,1,1.2865,0.0678,0.1196,0.0824,False,False,False,general_triage,True,False,2232.3,293,0,0.0,False,
144,general,0.3027,1,1.2861,0.0823,0.2278,0.3662,False,False,False,general_triage,True,False,2337.5,303,0,0.0,False,
145,general,0.3075,1,1.3997,0.029,0.1825,0.2388,False,False,False,general_triage,True,False,2326.7,318,0,0.0,False,
146,general,0.5072,1,1.1731,0.0916,0.1768,0.4344,False,False,False,general,True,False,2336.2,313,0,0.0,False,
147,billing,0.2583,1,1.3835,0.0852,0.1201,0.0872,False,False,False,general_triage,True,False,2342.7,318,0,0.0,False,
148,general,0.3212,1,1.3353,0.069,0.1696,0.0496,False,False,False,general_triage,True,False,2332.1,318,0,0.0,False,
149,shipping,0.2681,1,1.3657,0.1003,0.3271,0.3229,False,False,False,general_triage,True,False,2225.8,288,0,0.0,False,
150,general,0.3195,1,1.3735,0.2762,0.232,0.1659,False,False,False,general_triage,True,False,2394.9,323,0,0.0,False,
151,general,0.244,1,1.3971,0.0912,0.2157,0.2479,False,False,False,general_triage,True,False,2280.5,288,0,0.0,False,
152,shipping,0.2955,1,1.2798,0.0775,0.1017,0.1187,False,False,False,general_triage,True,False,2368.6,308,0,0.0,False,
153,shipping,0.2742,1,1.3652,0.1261,0.1891,0.1179,False,False,False,general_triage,True,False,2304.3,303,0,0.0,False,
154,general,0.3413,1,1.3458,0.0803,0.2049,0.3002,False,False,False,general_triage,True,False,2213.8,283,0,0.0,False,
155,technical,0.2538,1,1.4118,0.2022,0.3885,0.1387,False,False,False,general_triage,True,False,2262.7,298,0,0.0,False,
156,technical,0.4297,1,1.2949,0.2867,0.8358,0.1275,False,True,False,general_triage,True,False,2486.1,333,0,0.0,False,
157,general,0.3755,1,1.148,0.1202,0.1132,0.1332,False,False,False,general_triage,True,False,2350.7,318,0,0.0,False,
158,account,0.2795,1,1.0274,0.0466,0.1285,0.1862,False,False,False,general_triage,True,False,2242.1,293,0,0.0,False,
159,billing,0.5176,1,0.9879,0.0891,0.3264,0.4212,False,False,False,billing,True,False,2467.0,313,0,0.0,False,
160,general,0.2686,1,1.3861,0.1355,0.16,0.2163,False,False,False,general_triage,True,False,2613.7,313,0,0.0,False,
161,general,0.3547,1,1.2371,0.2071,0.1496,0.1136,False,False,False,general_triage,True,False,2530.3,318,0,0.0,False,
162,shipping,0.2473,1,1.3808,0.117,0.145,0.2421,False,False,False,general_triage,True,False,2359.5,308,0,0.0,False,
163,technical,0.2184,1,1.2942,0.101,0.138,0.1943,False,False,False,general_triage,True,False,2214.2,318,0,0.0,False,
164,technical,0.2426,1,1.3068,0.1421,0.1094,0.1539,False,False,False,general_triage,True,False,2272.5,288,0,0.0,False,
165,account,0.2439,1,0.7508,0.0404,0.0864,0.1165,False,False,False,general_triage,True,False,2420.3,308,0,0.0,False,
166,account,0.2896,1,1.0974,0.1209,0.1397,0.1632,False,False,False,general_triage,True,False,2231.9,323,0,0.0,False,
167,technical,0.237,1,1.4214,0.117,0.8993,0.2767,False,True,False,general_triage,True,False,2224.0,298,0,0.0,False,
168,billing,0.2366,2,1.4763,0.1152,0.3658,0.6625,False,False,True,general_triage,True,False,2050.7,318,0,0.0,False,
169,general,0.377,1,1.3912,0.0636,0.1493,0.2208,False,False,False,general_triage,True,False,2061.2,308,0,0.0,False,
170,billing,0.2378,1,1.4774,0.3181,0.2724,0.8167,False,False,True,general_triage,True,False,1989.6,303,0,0.0,False,
171,general,0.2704,1,1.4223,0.1541,0.2266,0.3659,False,False,False,general_triage,True,False,2215.5,333,0,0.0,False,
172,shipping,0.2425,1,1.4193,0.0953,0.2265,0.1746,False,False,False,general_triage,True,False,1978.3,293,0,0.0,False,
173,general,0.4644,1,1.0188,0.0025,0.1191,0.5374,False,False,True,general_triage,True,False,1954.1,308,0,0.0,False,
174,general,0.2499,1,1.3651,0.0388,0.156,0.1697,False,False,False,general_triage,True,False,2102.0,303,0,0.0,False,
175,shipping,0.2696,2,1.6259,0.2414,0.2266,0.0186,False,False,False,general_triage,True,False,2601.6,333,0,0.0,False,
176,billing,0.3498,1,1.1347,0.0608,0.1101,0.2859,False,False,False,general_triage,True,False,2430.3,323,0,0.0,False,
177,general,0.2954,1,1.4708,0.1042,0.1497,0.1923,False,False,False,general_triage,True,False,2320.4,293,0,0.0,False,
178,technical,0.2648,2,1.5469,0.0349,0.5096,0.1078,False,True,False,general_triage,True,False,2466.3,298,0,0.0,False,
179,general,0.4501,1,1.1559,0.0002,0.325,0.6364,False,False,True,general_triage,True,False,2207.3,298,0,0.0,False,
180,general,0.2745,1,1.2167,0.1287,0.2152,0.1984,False,False,False,general_triage,True,False,2229.5,313,0,0.0,False,
181,shipping,0.3386,1,1.2881,0.0856,0.0726,0.1421,False,False,False,general_triage,True,False,2155.0,303,0,0.0,False,
182,shipping,0.3299,1,0.9623,0.0727,0.0435,0.0704,False,False,False,general_triage,True,False,2225.1,298,0,0.0,False,
183,shipping,0.7291,1,1.1239,0.0809,0.1512,0.2759,False,False,False,shipping,True,False,2166.0,293,0,0.0,False,
184,shipping,0.7177,1,1.1365,0.0642,0.1573,0.0879,False,False,False,shipping,True,False,2112.2,288,0,0.0,False,
185,shipping,0.9698,1,1.3146,0.0297,0.2023,0.1639,False,False,False,shipping,False,False,2194.8,303,0,0.0,False,
186,shipping,0.5316,1,1.1066,0.0271,0.0759,0.0322,False,False,False,shipping,True,False,2246.3,323,0,0.0,False,
187,shipping,0.8695,1,1.2079,0.0267,0.1016,0.0457,False,False,False,shipping,False,False,2333.9,338,0,0.0,False,
188,shipping,0.5499,1,1.3826,0.3817,0.1083,0.0902,False,False,False,shipping,True,False,2266.6,318,0,0.0,False,
189,shipping,0.9605,1,1.2805,0.0311,0.2007,0.1521,False,False,False,shipping,False,False,2175.6,303,0,0.0,False,
190,shipping,0.4038,1,1.3547,0.0976,0.1347,0.1466,False,False,False,general_triage,True,False,2131.7,303,0,0.0,False,
191,shipping,0.8308,1,1.1384,0.063,0.1394,0.1352,False,False,False,shipping,False,False,2119.1,283,0,0.0,False,
192,shipping,0.6976,1,1.1805,0.0261,0.0369,0.0359,False,False,False,shipping,True,False,2314.3,318,0,0.0,False,
193,shipping,0.901,1,0.8118,0.0261,0.0343,0.0001,False,False,False,shipping,False,False,2297.1,323,0,0.0,False,
194,shipping,0.7815,1,1.3376,0.0662,0.1163,0.1631,False,False,False,shipping,True,False,2233.3,303,0,0.0,False,
195,shipping,0.6407,1,1.3524,0.1514,0.1214,0.1284,False,False,False,shipping,True,False,2144.8,298,0,0.0,False,
196,shipping,0.9174,1,1.3353,0.0412,0.1841,0.1561,False,False,False,shipping,False,False,2211.7,308,0,0.0,False,
197,shipping,0.3403,1,1.2625,0.069,0.0366,0.0624,False,False,False,general_triage,True,False,2247.9,323,0,0.0,False,
198,shipping,0.37,1,1.2147,0.098,0.1324,0.158,False,False,False,general_triage,True,False,2124.5,293,0,0.0,False,
199,shipping,0.642,1,1.138,0.057,0.1388,0.0862,False,False,False,shipping,True,False,2098.4,303,0,0.0,False,
200,shipping,0.8409,1,1.2383,0.1977,0.3731,0.5152,False,False,True,shipping,False,True,2275.3,313,0,0.0,False,
201,shipping,0.8084,1,0.9012,0.0664,0.0782,0.0468,False,False,False,shipping,False,False,2236.7,318,0,0.0,False,
202,shipping,0.8898,1,1.2615,0.0286,0.2953,0.6614,False,False,True,shipping,False,True,2161.0,298,0,0.0,False,
203,shipping,0.6849,1,1.0503,0.054,0.282,0.0819,False,False,False,shipping,True,False,2378.9,328,0,0.0,False,
204,billing,0.4444,1,1.365,0.1282,0.088,0.1928,False,False,False,general_triage,True,False,2202.6,323,0,0.0,False,
205,shipping,0.743,1,1.1073,0.0254,0.1212,0.2129,False,False,False,shipping,True,False,2294.6,328,0,0.0,False,
206,shipping,0.7988,1,1.2937,0.0859,0.1191,0.0855,False,False,False,shipping,True,False,2222.9,313,0,0.0,False,
207,shipping,0.896,1,1.2695,0.0418,0.1436,0.7421,False,False,True,shipping,False,True,2110.3,288,0,0.0,False,
208,shipping,0.9741,1,1.0349,0.001,0.0735,0.0827,False,False,False,shipping,False,False,2268.6,313,0,0.0,False,
209,shipping,0.8928,1,1.3397,0.136,0.2961,0.7156,False,False,True,shipping,False,True,2252.2,318,0,0.0,False,
210,shipping,0.9616,1,1.1154,0.0449,0.1146,0.1733,False,False,False,shipping,False,False,2263.8,303,0,0.0,False,
211,shipping,0.8547,1,0.9691,0.0427,0.1449,0.0513,False,False,False,shipping,False,False,2308.9,318,0,0.0,False,
212,shipping,0.965,1,1.3372,0.056,0.1504,0.1433,False,False,False,shipping,False,False,2229.0,313,0,0.0,False,
213,shipping,0.386,1,1.0965,0.0278,0.0924,0.033,False,False,False,general_triage,True,False,2242.8,313,0,0.0,False,
214,shipping,0.5437,1,1.0688,0.0251,0.1238,0.1465,False,False,False,shipping,True,False,2094.6,288,0,0.0,False,
215,shipping,0.9183,1,1.2324,0.0957,0.103,0.1364,False,False,False,shipping,False,False,2169.7,308,0,0.0,False,
216,shipping,0.9713,1,1.1819,0.0004,0.0676,0.1752,False,False,False,shipping,False,False,2173.4,303,0,0.0,False,
217,shipping,0.683,1,1.0909,0.0852,0.088,0.0757,False,False,False,shipping,True,False,2201.1,308,0,0.0,False,
218,shipping,0.7393,1,1.3549,0.0134,0.2078,0.205,False,False,False,shipping,True,False,2351.6,308,0,0.0,False,
219,shipping,0.7313,1,1.2581,0.0456,0.2687,0.305,False,False,False,shipping,True,False,2269.6,318,0,0.0,False,
220,shipping,0.9343,1,1.0263,0.0001,0.0484,0.1255,False,False,False,shipping,False,False,2350.7,333,0,0.0,False,
221,shipping,0.8815,1,1.1818,0.0004,0.0707,0.482,False,False,False,shipping,False,False,2192.5,298,0,0.0,False,
222,shipping,0.8615,1,1.097,0.073,0.1289,0.3422,False,False,False,shipping,False,False,2065.2,288,0,0.0,False,
223,shipping,0.9749,1,1.2948,0.0409,0.1754,0.3088,False,False,False,shipping,False,False,2370.2,328,0,0.0,False,
224,shipping,0.8433,1,1.3844,0.0506,0.1608,0.3122,False,False,False,shipping,False,False,2181.2,293,0,0.0,False,
225,shipping,0.6516,1,1.2157,0.0859,0.1511,0.114,False,False,False,shipping,True,False,2195.5,308,0,0.0,False,
226,shipping,0.8837,1,1.2806,0.0077,0.2052,0.4885,False,False,False,shipping,False,False,2223.4,328,0,0.0,False,
227,shipping,0.8311,1,0.9421,0.06,0.0681,0.1143,False,False,False,shipping,False,False,2210.9,318,0,0.0,False,
228,shipping,0.974,1,1.2368,0.0753,0.154,0.0831,False,False,False,shipping,False,False,2238.3,323,0,0.0,False,
229,shipping,0.3864,1,1.249,0.118,0.0507,0.1368,False,False,False,general_triage,True,False,2221.9,323,0,0.0,False,
230,shipping,0.7911,1,1.3665,0.0963,0.1194,0.0599,False,False,False,shipping,True,False,2367.5,328,0,0.0,False,
231,shipping,0.8881,1,1.1448,0.0271,0.1299,0.0002,False,False,False,shipping,False,False,2360.5,323,0,0.0,False,
232,shipping,0.4539,1,1.2126,0.0475,0.1201,0.2333,False,False,False,general_triage,True,False,2141.4,298,0,0.0,False,
233,shipping,0.5178,1,1.3149,0.1061,0.158,0.1526,False,False,False,shipping,True,False,2168.1,308,0,0.0,False,
234,shipping,0.7461,1,1.2767,0.0603,0.0844,0.0773,False,False,False,shipping,True,False,2023.8,283,0,0.0,False,
235,shipping,0.8577,1,1.301,0.0638,0.1441,0.2524,False,False,False,shipping,False,False,2161.2,293,0,0.0,False,
236,shipping,0.9005,1,1.2562,0.0292,0.1308,0.2861,False,False,False,shipping,False,False,2160.5,303,0,0.0,False,
237,shipping,0.935,1,1.2371,0.0191,0.1021,0.1601,False,False,False,shipping,False,False,2263.8,333,0,0.0,False,
238,shipping,0.5334,1,1.1001,0.0558,0.2499,0.0778,False,False,False,shipping,True,False,2241.6,328,0,0.0,False,
239,shipping,0.2775,1,1.2685,0.1105,0.1423,0.1638,False,False,False,general_triage,True,False,2261.9,333,0,0.0,False,
240,shipping,0.6325,1,1.1795,0.0494,0.1321,0.1291,False,False,False,shipping,True,False,2145.1,308,0,0.0,False,
241,technical,0.8488,2,1.7055,0.0749,0.1368,0.3936,False,False,False,technical,False,False,4091.9,743,0,0.0,False,
242,technical,0.8064,1,1.2727,0.0259,0.0972,0.1082,False,False,False,technical,False,False,3242.4,523,0,0.0,False,
243,technical,0.7445,2,1.6304,0.0002,0.135,0.5424,False,False,True,technical,True,True,4323.1,763,0,0.0,False,
244,technical,0.9027,1,1.2712,0.064,0.1409,0.1513,False,False,False,technical,False,False,2637.5,413,0,0.0,False,
245,technical,0.8177,1,1.3111,0.0174,0.1477,0.1706,False,False,False,technical,False,False,4330.5,753,0,0.0,False,
246,technical,0.6573,1,1.4235,0.2084,0.1754,0.2111,False,False,False,technical,True,False,2432.0,363,0,0.0,False,
247,technical,0.7398,1,1.1358,0.0019,0.1618,0.276,False,False,False,technical,True,False,2776.2,423,0,0.0,False,
248,technical,0.4166,1,1.4738,0.3896,0.13,0.2953,False,False,False,general_triage,True,False,2634.3,393,0,0.0,False,
249,technical,0.3166,1,0.9404,0.0328,0.227,0.5761,False,False,True,general_triage,True,False,2144.9,298,0,0.0,False,
250,technical,0.5615,2,1.5538,0.4194,0.1106,0.4215,False,False,False,technical,True,False,3203.8,528,0,0.0,False,
251,technical,0.7606,1,1.2727,0.0278,0.136,0.1109,False,False,False,technical,True,False,4331.4,773,0,0.0,False,
252,technical,0.8541,1,1.1972,0.0735,0.129,0.1026,False,False,False,technical,False,False,3582.7,628,0,0.0,False,
253,technical,0.8034,1,1.1918,0.0581,0.1217,0.198,False,False,False,technical,False,False,2705.6,413,0,0.0,False,
254,technical,0.8657,1,1.3152,0.0278,0.1885,0.1889,False,False,False,technical,False,False,3052.1,478,0,0.0,False,
255,technical,0.7019,1,1.4381,0.1452,0.1335,0.1634,False,False,False,technical,True,False,3470.0,613,0,0.0,False,
256,technical,0.8405,1,1.4714,0.0007,0.111,0.5751,False,False,True,technical,False,True,4233.5,768,0,0.0,False,
257,technical,0.7806,1,1.4041,0.0867,0.1285,0.151,False,False,False,technical,True,False,4218.3,778,0,0.0,False,
258,technical,0.6497,1,1.4073,0.017,0.2376,0.3201,False,False,False,technical,True,False,4100.9,718,0,0.0,False,
259,technical,0.717,1,1.3015,0.0,0.1273,0.1401,False,False,False,technical,True,False,3773.1,693,0,0.0,False,
260,technical,0.8537,1,1.3402,0.0445,0.3428,0.0767,False,False,False,technical,False,False,2771.0,438,0,0.0,False,
261,technical,0.8091,1,1.0467,0.1366,0.1382,0.2127,False,False,False,technical,False,False,2933.4,463,0,0.0,False,
262,technical,0.5525,1,1.4186,0.6969,0.2209,0.4381,True,False,False,escalation,True,False,3714.6,678,0,0.0,False,
263,technical,0.9064,1,1.2249,0.0216,0.144,0.1364,False,False,False,technical,False,False,4142.6,738,0,0.0,False,
264,technical,0.859,1,1.1215,0.0412,0.3056,0.2586,False,False,False,technical,False,False,3189.7,493,0,0.0,False,
265,technical,0.8538,1,1.4103,0.0331,0.1103,0.2332,False,False,False,technical,False,False,4138.4,728,0,0.0,False,
266,technical,0.6046,1,1.1641,0.3038,0.1963,0.8332,False,False,True,technical,True,True,3515.5,593,0,0.0,False,
267,technical,0.5424,1,1.4657,0.0805,0.2881,0.3632,False,False,False,technical,True,False,3843.2,693,0,0.0,False,
268,account,0.4604,1,1.0839,0.0199,0.1204,0.4791,False,False,False,general_triage,True,False,2952.6,563,0,0.0,False,
269,technical,0.8353,1,1.4339,0.0822,0.2023,0.3288,False,False,False,technical,False,False,3170.0,573,0,0.0,False,
270,technical,0.8603,1,1.0949,0.0799,0.2183,0.3607,False,False,False,technical,False,False,2079.7,348,0,0.0,False,
271,technical,0.8655,1,1.2279,0.0279,0.0792,0.3391,False,False,False,technical,False,False,3499.2,768,0,0.0,False,
272,technical,0.69,2,1.4764,0.7905,0.181,0.3108,True,False,False,escalation,True,False,3399.9,773,0,0.0,False,
273,technical,0.9054,1,1.1296,0.0001,0.0878,0.1265,False,False,False,technical,False,False,3255.8,748,0,0.0,False,
274,technical,0.8255,1,1.476,0.0867,0.1456,0.1259,False,False,False,technical,False,False,3433.1,793,0,0.0,False,
275,technical,0.6949,1,1.3342,0.0958,0.2586,0.2739,False,False,False,technical,True,False,3208.2,753,0,0.0,False,
276,technical,0.5874,1,1.4529,0.0794,0.1544,0.1247,False,False,False,technical,True,False,1717.2,333,0,0.0,False,
277,technical,0.4833,1,1.3821,0.178,0.1514,0.3879,False,False,False,general_triage,True,False,3158.9,733,0,0.0,False,
278,technical,0.7088,1,1.1751,0.0,0.1003,0.1993,False,False,False,technical,True,False,2325.3,468,0,0.0,False,
279,technical,0.7681,2,1.4911,0.0003,0.1252,0.3313,False,False,False,technical,True,False,3198.7,728,0,0.0,False,
280,technical,0.8565,1,1.2972,0.0001,0.0782,0.0984,False,False,False,technical,False,False,3136.6,703,0,0.0,False,
281,technical,0.4841,1,1.2556,0.1706,0.0917,0.1853,False,False,False,general_triage,True,False,3252.7,718,0,0.0,False,
282,technical,0.6501,1,1.0495,0.3921,0.0666,0.1122,False,False,False,technical,True,False,2663.7,553,0,0.0,False,
283,technical,0.8554,1,1.4861,0.0002,0.2224,0.2362,False,False,False,technical,False,False,2229.6,423,0,0.0,False,
284,technical,0.7705,1,1.2636,0.0361,0.0798,0.1581,False,False,False,technical,True,False,2504.6,503,0,0.0,False,
285,technical,0.8931,1,1.1176,0.0001,0.1997,0.1807,False,False,False,technical,False,False,2683.0,573,0,0.0,False,
286,technical,0.7721,1,1.0437,0.0683,0.1046,0.0858,False,False,False,technical,True,False,2234.6,443,0,0.0,False,
287,technical,0.82,2,1.5447,0.0354,0.108,0.2624,False,False,False,technical,False,False,2623.1,533,0,0.0,False,
288,technical,0.43,1,1.2526,0.3311,0.1856,0.4262,False,False,False,general_triage,True,False,2399.1,468,0,0.0,False,
289,technical,0.5223,1,1.4729,0.1,0.2277,0.2114,False,False,False,technical,True,False,2574.1,518,0,0.0,False,
290,technical,0.7736,1,1.0002,0.0421,0.2087,0.5718,False,False,True,technical,True,True,2879.2,648,0,0.0,False,
291,technical,0.7674,1,1.1421,0.001,0.1265,0.1865,False,False,False,technical,True,False,3853.5,728,0,0.0,False,
292,technical,0.811,1,1.2364,0.0005,0.2578,0.0926,False,False,False,technical,False,False,1904.5,303,0,0.0,False,
293,technical,0.9275,1,1.1772,0.0704,0.1157,0.0523,False,False,False,technical,False,False,2712.6,563,0,0.0,False,
294,technical,0.805,1,1.425,0.073,0.1964,0.2249,False,False,False,technical,False,False,3292.9,718,0,0.0,False,
295,technical,0.7868,1,1.0611,0.0746,0.106,0.0928,False,False,False,technical,True,False,3605.5,523,0,0.0,False,
296,technical,0.63,1,1.301,0.0235,0.1599,0.1373,False,False,False,technical,True,False,3847.0,723,0,0.0,False,
297,technical,0.7398,1,1.0318,0.0764,0.2728,0.2337,False,False,False,technical,True,False,2560.1,393,0,0.0,False,
298,technical,0.67,1,1.3436,0.0891,0.1282,0.3153,False,False,False,technical,True,False,3719.8,808,0,0.0,False,
299,technical,0.7573,1,1.3179,0.0001,0.155,0.1862,False,False,False,technical,True,False,3628.6,818,0,0.0,False,
300,technical,0.8139,1,1.215,0.0574,0.1115,0.2379,False,False,False,technical,False,False,2593.6,538,0,0.0,False,
301,account,0.4118,1,1.3553,0.0309,0.0272,0.0955,False,False,False,general_triage,True,False,1877.3,343,0,0.0,False,
302,account,0.9737,1,1.3326,0.2035,0.1655,0.1663,False,False,False,account,False,False,1804.0,343,0,0.0,False,
303,account,0.9057,2,1.7734,0.7815,0.3297,0.5612,True,False,True,escalation,True,False,2179.8,428,0,0.0,False,
304,account,0.6439,2,1.6773,0.8233,0.0501,0.924,True,False,True,escalation,True,False,1867.9,333,0,0.0,False,
305,account,0.8093,1,1.4301,0.5514,0.1461,0.3183,True,False,False,escalation,True,False,1831.8,338,0,0.0,False,
306,billing,0.3714,1,1.1909,0.1463,0.1491,0.1639,False,False,False,general_triage,True,False,1985.3,338,0,0.0,False,
307,technical,0.2999,2,1.5497,0.0,0.0001,0.2852,False,False,False,general_triage,True,False,1778.5,328,0,0.0,False,
308,account,0.8249,1,1.2794,0.5723,0.1823,0.0506,True,False,False,escalation,True,False,1864.1,358,0,0.0,False,
309,billing,0.9507,1,1.094,0.5713,0.7872,0.5932,True,True,True,escalation,True,False,1765.4,338,0,0.0,False,
310,technical,0.353,1,1.0779,0.9393,0.2653,0.1424,True,False,False,escalation,True,False,2365.4,363,0,0.0,False,
311,shipping,0.2994,1,1.0313,0.0526,0.1488,0.0631,False,False,False,general_triage,True,False,1958.9,328,0,0.0,False,
312,billing,0.3741,1,1.2622,0.0276,0.0546,0.202,False,False,False,general_triage,True,False,1954.2,308,0,0.0,False,
313,billing,0.6856,1,1.369,0.2046,0.1898,0.1818,False,False,False,billing,True,False,2242.6,373,0,0.0,False,
314,billing,0.6398,2,1.6125,0.233,0.6336,0.8947,False,True,True,billing,True,False,1816.7,293,0,0.0,False,
315,billing,0.9519,1,1.3227,0.2148,0.2348,0.1302,False,False,False,billing,False,False,1990.0,348,0,0.0,False,
316,technical,0.9146,1,1.4006,0.0683,0.2011,0.1273,False,False,False,technical,False,False,1972.6,343,0,0.0,False,
317,technical,0.8424,1,1.3309,0.0377,0.0778,0.1069,False,False,False,technical,False,False,2052.6,348,0,0.0,False,
318,technical,0.8152,1,1.2823,0.0279,0.0887,0.1816,False,False,False,technical,False,False,1994.1,308,0,0.0,False,
319,billing,0.4766,1,1.4548,0.2808,0.8247,0.3067,False,True,False,general_triage,True,False,2132.4,358,0,0.0,False,
320,technical,0.3128,1,1.2741,0.0337,0.1633,0.2473,False,False,False,general_triage,True,False,1902.9,298,0,0.0,False,
321,technical,0.6947,1,1.2483,0.1562,0.094,0.0356,False,False,False,technical,True,False,1931.1,318,0,0.0,False,
322,technical,0.3392,1,1.2014,0.0634,0.0989,0.2719,False,False,False,general_triage,True,False,2054.8,323,0,0.0,False,
323,shipping,0.9639,1,1.4306,0.0275,0.4664,0.0234,False,False,False,shipping,False,False,1900.7,343,0,0.0,False,
324,shipping,0.7638,1,1.3454,0.0979,0.1329,0.1926,False,False,False,shipping,True,False,1872.0,338,0,0.0,False,
325,shipping,0.6236,1,1.2746,0.0,0.9148,0.8816,False,True,True,shipping,True,False,1826.2,288,0,0.0,False,
326,shipping,0.3681,1,1.2228,0.6069,0.3997,0.2523,True,False,False,escalation,True,False,1859.7,333,0,0.0,False,
327,shipping,0.8856,1,0.9737,0.0,0.0954,0.442,False,False,False,shipping,False,False,2021.7,303,0,0.0,False,
328,shipping,0.874,1,1.0774,0.0408,0.2842,0.1734,False,False,False,shipping,False,False,1873.0,318,0,0.0,False,
329,billing,0.5924,1,1.3692,0.1454,0.1384,0.1409,False,False,False,billing,True,False,1872.4,333,0,0.0,False,
330,general,0.3213,1,1.2242,0.0002,0.159,0.1442,False,False,False,general_triage,True,False,1927.3,293,0,0.0,False,
331,billing,0.4747,1,1.3283,0.0978,0.6719,0.7511,False,True,True,general_triage,True,False,1580.6,278,0,0.0,False,
332,general,0.2727,1,1.1022,0.0002,0.0949,0.2205,False,False,False,general_triage,True,False,1798.4,308,0,0.0,False,
333,general,0.2825,1,1.2246,0.0902,0.1172,0.3757,False,False,False,general_triage,True,False,1887.6,313,0,0.0,False,
334,technical,0.2452,1,1.3725,0.0,0.4158,0.6255,False,False,True,general_triage,True,False,1767.4,303,0,0.0,False,
335,billing,0.4241,2,1.6813,0.0836,0.1474,0.1008,False,False,False,general_triage,True,False,1981.3,358,0,0.0,False,
336,general,0.4307,2,1.596,0.6699,0.4923,0.051,True,False,False,escalation,True,False,1895.2,323,0,0.0,False,
337,shipping,0.3971,2,1.5084,0.479,0.0314,0.8355,False,False,True,general_triage,True,False,2073.6,368,0,0.0,False,
338,shipping,0.7329,2,1.4816,0.7114,0.9017,0.9363,True,True,True,escalation,True,False,2002.1,353,0,0.0,False,
339,general,0.558,1,1.3855,0.2321,0.0965,0.2083,False,False,False,general,True,False,1780.6,303,0,0.0,False,
340,shipping,0.955,1,1.1058,0.0179,0.0691,0.1536,False,False,False,shipping,False,False,2086.4,358,0,0.0,False,
341,billing,0.3364,2,1.7722,0.1107,0.1676,0.067,False,False,False,general_triage,True,False,1912.4,308,0,0.0,False,
342,billing,0.4818,1,1.3367,0.1437,0.1792,0.2827,False,False,False,general_triage,True,False,1658.9,263,0,0.0,False,
343,technical,0.2712,1,1.3294,0.0841,0.1817,0.261,False,False,False,general_triage,True,False,1772.5,248,0,0.0,False,
344,account,0.986,1,1.2003,0.2305,0.024,0.0826,False,False,False,account,False,False,1858.8,338,0,0.0,False,
345,shipping,0.2953,1,1.4283,0.1358,0.9469,0.9488,False,True,True,general_triage,True,False,2004.6,353,0,0.0,False,
346,billing,0.8727,1,1.3367,0.2199,0.757,0.1759,False,True,False,billing,False,False,6081.2,1443,0,0.0,False,
